﻿{"frames": {

"DUCK_WALK-R_UPANDDOWN instance 10000":
{
	"frame": {"x":10,"y":10,"w":63,"h":65},
	"rotated": false,
	"trimmed": false,
	"spriteSourceSize": {"x":0,"y":0,"w":63,"h":65},
	"sourceSize": {"w":63,"h":65}
},
"DUCK_WALK-R_UPANDDOWN instance 10001":
{
	"frame": {"x":83,"y":10,"w":63,"h":65},
	"rotated": false,
	"trimmed": false,
	"spriteSourceSize": {"x":0,"y":0,"w":63,"h":65},
	"sourceSize": {"w":63,"h":65}
},
"DUCK_WALK-R_UPANDDOWN instance 10002":
{
	"frame": {"x":83,"y":10,"w":63,"h":65},
	"rotated": false,
	"trimmed": false,
	"spriteSourceSize": {"x":0,"y":0,"w":63,"h":65},
	"sourceSize": {"w":63,"h":65}
},
"DUCK_WALK-R_UPANDDOWN instance 10003":
{
	"frame": {"x":156,"y":10,"w":63,"h":65},
	"rotated": false,
	"trimmed": false,
	"spriteSourceSize": {"x":0,"y":0,"w":63,"h":65},
	"sourceSize": {"w":63,"h":65}
},
"DUCK_WALK-R_UPANDDOWN instance 10004":
{
	"frame": {"x":229,"y":10,"w":63,"h":65},
	"rotated": false,
	"trimmed": false,
	"spriteSourceSize": {"x":0,"y":0,"w":63,"h":65},
	"sourceSize": {"w":63,"h":65}
},
"DUCK_WALK-R_UPANDDOWN instance 10005":
{
	"frame": {"x":302,"y":10,"w":63,"h":65},
	"rotated": false,
	"trimmed": false,
	"spriteSourceSize": {"x":0,"y":0,"w":63,"h":65},
	"sourceSize": {"w":63,"h":65}
},
"DUCK_WALK-R_UPANDDOWN instance 10006":
{
	"frame": {"x":375,"y":10,"w":63,"h":65},
	"rotated": false,
	"trimmed": false,
	"spriteSourceSize": {"x":0,"y":0,"w":63,"h":65},
	"sourceSize": {"w":63,"h":65}
},
"DUCK_WALK-R_UPANDDOWN instance 10007":
{
	"frame": {"x":448,"y":10,"w":63,"h":65},
	"rotated": false,
	"trimmed": false,
	"spriteSourceSize": {"x":0,"y":0,"w":63,"h":65},
	"sourceSize": {"w":63,"h":65}
},
"DUCK_WALK-R_UPANDDOWN instance 10008":
{
	"frame": {"x":521,"y":10,"w":63,"h":65},
	"rotated": false,
	"trimmed": false,
	"spriteSourceSize": {"x":0,"y":0,"w":63,"h":65},
	"sourceSize": {"w":63,"h":65}
},
"DUCK_WALK-R_UPANDDOWN instance 10009":
{
	"frame": {"x":594,"y":10,"w":63,"h":65},
	"rotated": false,
	"trimmed": false,
	"spriteSourceSize": {"x":0,"y":0,"w":63,"h":65},
	"sourceSize": {"w":63,"h":65}
},
"DUCK_WALK-R_UPANDDOWN instance 10010":
{
	"frame": {"x":667,"y":10,"w":63,"h":65},
	"rotated": false,
	"trimmed": false,
	"spriteSourceSize": {"x":0,"y":0,"w":63,"h":65},
	"sourceSize": {"w":63,"h":65}
},
"DUCK_WALK-R_UPANDDOWN instance 10011":
{
	"frame": {"x":740,"y":10,"w":63,"h":65},
	"rotated": false,
	"trimmed": false,
	"spriteSourceSize": {"x":0,"y":0,"w":63,"h":65},
	"sourceSize": {"w":63,"h":65}
},
"DUCK_WALK-R_UPANDDOWN instance 10012":
{
	"frame": {"x":813,"y":10,"w":63,"h":65},
	"rotated": false,
	"trimmed": false,
	"spriteSourceSize": {"x":0,"y":0,"w":63,"h":65},
	"sourceSize": {"w":63,"h":65}
},
"DUCK_WALK-R_UPANDDOWN instance 10013":
{
	"frame": {"x":886,"y":10,"w":63,"h":65},
	"rotated": false,
	"trimmed": false,
	"spriteSourceSize": {"x":0,"y":0,"w":63,"h":65},
	"sourceSize": {"w":63,"h":65}
},
"DUCK_WALK-R_UPANDDOWN instance 10014":
{
	"frame": {"x":10,"y":85,"w":63,"h":65},
	"rotated": false,
	"trimmed": false,
	"spriteSourceSize": {"x":0,"y":0,"w":63,"h":65},
	"sourceSize": {"w":63,"h":65}
},
"DUCK_WALK-R_UPANDDOWN instance 10015":
{
	"frame": {"x":83,"y":85,"w":63,"h":65},
	"rotated": false,
	"trimmed": false,
	"spriteSourceSize": {"x":0,"y":0,"w":63,"h":65},
	"sourceSize": {"w":63,"h":65}
},
"DUCK_WALK-R_UPANDDOWN instance 10016":
{
	"frame": {"x":156,"y":85,"w":63,"h":65},
	"rotated": false,
	"trimmed": false,
	"spriteSourceSize": {"x":0,"y":0,"w":63,"h":65},
	"sourceSize": {"w":63,"h":65}
},
"DUCK_WALK-R_UPANDDOWN instance 10017":
{
	"frame": {"x":229,"y":85,"w":63,"h":65},
	"rotated": false,
	"trimmed": false,
	"spriteSourceSize": {"x":0,"y":0,"w":63,"h":65},
	"sourceSize": {"w":63,"h":65}
},
"DUCK_WALK-R_UPANDDOWN instance 10018":
{
	"frame": {"x":229,"y":85,"w":63,"h":65},
	"rotated": false,
	"trimmed": false,
	"spriteSourceSize": {"x":0,"y":0,"w":63,"h":65},
	"sourceSize": {"w":63,"h":65}
},
"DUCK_WALK-R_UPANDDOWN instance 10019":
{
	"frame": {"x":229,"y":85,"w":63,"h":65},
	"rotated": false,
	"trimmed": false,
	"spriteSourceSize": {"x":0,"y":0,"w":63,"h":65},
	"sourceSize": {"w":63,"h":65}
},
"DUCK_WALK-R_UPANDDOWN instance 10020":
{
	"frame": {"x":229,"y":85,"w":63,"h":65},
	"rotated": false,
	"trimmed": false,
	"spriteSourceSize": {"x":0,"y":0,"w":63,"h":65},
	"sourceSize": {"w":63,"h":65}
},
"DUCK_WALK-R_UPANDDOWN instance 10021":
{
	"frame": {"x":302,"y":85,"w":63,"h":65},
	"rotated": false,
	"trimmed": false,
	"spriteSourceSize": {"x":0,"y":0,"w":63,"h":65},
	"sourceSize": {"w":63,"h":65}
},
"DUCK_WALK-R_UPANDDOWN instance 10022":
{
	"frame": {"x":375,"y":85,"w":63,"h":65},
	"rotated": false,
	"trimmed": false,
	"spriteSourceSize": {"x":0,"y":0,"w":63,"h":65},
	"sourceSize": {"w":63,"h":65}
},
"DUCK_WALK-R_UPANDDOWN instance 10023":
{
	"frame": {"x":448,"y":85,"w":63,"h":65},
	"rotated": false,
	"trimmed": false,
	"spriteSourceSize": {"x":0,"y":0,"w":63,"h":65},
	"sourceSize": {"w":63,"h":65}
},
"DUCK_WALK-R_UPANDDOWN instance 10024":
{
	"frame": {"x":521,"y":85,"w":63,"h":65},
	"rotated": false,
	"trimmed": false,
	"spriteSourceSize": {"x":0,"y":0,"w":63,"h":65},
	"sourceSize": {"w":63,"h":65}
},
"DUCK_WALK-R_UPANDDOWN instance 10025":
{
	"frame": {"x":594,"y":85,"w":63,"h":65},
	"rotated": false,
	"trimmed": false,
	"spriteSourceSize": {"x":0,"y":0,"w":63,"h":65},
	"sourceSize": {"w":63,"h":65}
},
"DUCK_WALK-R_UPANDDOWN instance 10026":
{
	"frame": {"x":667,"y":85,"w":63,"h":65},
	"rotated": false,
	"trimmed": false,
	"spriteSourceSize": {"x":0,"y":0,"w":63,"h":65},
	"sourceSize": {"w":63,"h":65}
},
"DUCK_WALK-R_UPANDDOWN instance 10027":
{
	"frame": {"x":740,"y":85,"w":63,"h":65},
	"rotated": false,
	"trimmed": false,
	"spriteSourceSize": {"x":0,"y":0,"w":63,"h":65},
	"sourceSize": {"w":63,"h":65}
},
"DUCK_WALK-R_UPANDDOWN instance 10028":
{
	"frame": {"x":813,"y":85,"w":63,"h":65},
	"rotated": false,
	"trimmed": false,
	"spriteSourceSize": {"x":0,"y":0,"w":63,"h":65},
	"sourceSize": {"w":63,"h":65}
},
"DUCK_WALK-R_UPANDDOWN instance 10029":
{
	"frame": {"x":886,"y":85,"w":63,"h":65},
	"rotated": false,
	"trimmed": false,
	"spriteSourceSize": {"x":0,"y":0,"w":63,"h":65},
	"sourceSize": {"w":63,"h":65}
},
"DUCK_WALK-R_UPANDDOWN instance 10030":
{
	"frame": {"x":10,"y":160,"w":63,"h":65},
	"rotated": false,
	"trimmed": false,
	"spriteSourceSize": {"x":0,"y":0,"w":63,"h":65},
	"sourceSize": {"w":63,"h":65}
},
"DUCK_WALK-R_UPANDDOWN instance 10031":
{
	"frame": {"x":83,"y":160,"w":63,"h":65},
	"rotated": false,
	"trimmed": false,
	"spriteSourceSize": {"x":0,"y":0,"w":63,"h":65},
	"sourceSize": {"w":63,"h":65}
},
"DUCK_WALK-R_UPANDDOWN instance 10032":
{
	"frame": {"x":156,"y":160,"w":63,"h":65},
	"rotated": false,
	"trimmed": false,
	"spriteSourceSize": {"x":0,"y":0,"w":63,"h":65},
	"sourceSize": {"w":63,"h":65}
},
"DUCK_WALK-R_UPANDDOWN instance 10033":
{
	"frame": {"x":229,"y":160,"w":63,"h":65},
	"rotated": false,
	"trimmed": false,
	"spriteSourceSize": {"x":0,"y":0,"w":63,"h":65},
	"sourceSize": {"w":63,"h":65}
},
"DUCK_WALK-R_UPANDDOWN instance 10034":
{
	"frame": {"x":302,"y":160,"w":63,"h":65},
	"rotated": false,
	"trimmed": false,
	"spriteSourceSize": {"x":0,"y":0,"w":63,"h":65},
	"sourceSize": {"w":63,"h":65}
},
"DUCK_WALK-R_UPANDDOWN instance 10035":
{
	"frame": {"x":375,"y":160,"w":63,"h":65},
	"rotated": false,
	"trimmed": false,
	"spriteSourceSize": {"x":0,"y":0,"w":63,"h":65},
	"sourceSize": {"w":63,"h":65}
},
"DUCK_WALK-R_UPANDDOWN instance 10036":
{
	"frame": {"x":448,"y":160,"w":63,"h":65},
	"rotated": false,
	"trimmed": false,
	"spriteSourceSize": {"x":0,"y":0,"w":63,"h":65},
	"sourceSize": {"w":63,"h":65}
},
"DUCK_WALK-R_UPANDDOWN instance 10037":
{
	"frame": {"x":521,"y":160,"w":63,"h":65},
	"rotated": false,
	"trimmed": false,
	"spriteSourceSize": {"x":0,"y":0,"w":63,"h":65},
	"sourceSize": {"w":63,"h":65}
},
"DUCK_WALK-R_UPANDDOWN instance 10038":
{
	"frame": {"x":594,"y":160,"w":63,"h":65},
	"rotated": false,
	"trimmed": false,
	"spriteSourceSize": {"x":0,"y":0,"w":63,"h":65},
	"sourceSize": {"w":63,"h":65}
},
"DUCK_WALK-R_UPANDDOWN instance 10039":
{
	"frame": {"x":667,"y":160,"w":63,"h":65},
	"rotated": false,
	"trimmed": false,
	"spriteSourceSize": {"x":0,"y":0,"w":63,"h":65},
	"sourceSize": {"w":63,"h":65}
},
"DUCK_WALK-R_UPANDDOWN instance 10040":
{
	"frame": {"x":740,"y":160,"w":63,"h":65},
	"rotated": false,
	"trimmed": false,
	"spriteSourceSize": {"x":0,"y":0,"w":63,"h":65},
	"sourceSize": {"w":63,"h":65}
},
"DUCK_WALK-R_UPANDDOWN instance 10041":
{
	"frame": {"x":813,"y":160,"w":63,"h":65},
	"rotated": false,
	"trimmed": false,
	"spriteSourceSize": {"x":0,"y":0,"w":63,"h":65},
	"sourceSize": {"w":63,"h":65}
},
"DUCK_WALK-R_UPANDDOWN instance 10042":
{
	"frame": {"x":886,"y":160,"w":63,"h":65},
	"rotated": false,
	"trimmed": false,
	"spriteSourceSize": {"x":0,"y":0,"w":63,"h":65},
	"sourceSize": {"w":63,"h":65}
},
"DUCK_WALK-R_UPANDDOWN instance 10043":
{
	"frame": {"x":10,"y":235,"w":63,"h":65},
	"rotated": false,
	"trimmed": false,
	"spriteSourceSize": {"x":0,"y":0,"w":63,"h":65},
	"sourceSize": {"w":63,"h":65}
},
"DUCK_WALK-R_UPANDDOWN instance 10044":
{
	"frame": {"x":83,"y":235,"w":63,"h":65},
	"rotated": false,
	"trimmed": false,
	"spriteSourceSize": {"x":0,"y":0,"w":63,"h":65},
	"sourceSize": {"w":63,"h":65}
},
"DUCK_WALK-R_UPANDDOWN instance 10045":
{
	"frame": {"x":83,"y":235,"w":63,"h":65},
	"rotated": false,
	"trimmed": false,
	"spriteSourceSize": {"x":0,"y":0,"w":63,"h":65},
	"sourceSize": {"w":63,"h":65}
},
"DUCK_WALK-R_UPANDDOWN instance 10046":
{
	"frame": {"x":156,"y":235,"w":63,"h":65},
	"rotated": false,
	"trimmed": false,
	"spriteSourceSize": {"x":0,"y":0,"w":63,"h":65},
	"sourceSize": {"w":63,"h":65}
},
"DUCK_WALK-R_UPANDDOWN instance 10047":
{
	"frame": {"x":156,"y":235,"w":63,"h":65},
	"rotated": false,
	"trimmed": false,
	"spriteSourceSize": {"x":0,"y":0,"w":63,"h":65},
	"sourceSize": {"w":63,"h":65}
},
"DUCK_WALK-R_UPANDDOWN instance 10048":
{
	"frame": {"x":156,"y":235,"w":63,"h":65},
	"rotated": false,
	"trimmed": false,
	"spriteSourceSize": {"x":0,"y":0,"w":63,"h":65},
	"sourceSize": {"w":63,"h":65}
},
"DUCK_WALK-R_UPANDDOWN instance 10049":
{
	"frame": {"x":156,"y":235,"w":63,"h":65},
	"rotated": false,
	"trimmed": false,
	"spriteSourceSize": {"x":0,"y":0,"w":63,"h":65},
	"sourceSize": {"w":63,"h":65}
},
"DUCK_WALK-R_UPANDDOWN instance 10050":
{
	"frame": {"x":83,"y":235,"w":63,"h":65},
	"rotated": false,
	"trimmed": false,
	"spriteSourceSize": {"x":0,"y":0,"w":63,"h":65},
	"sourceSize": {"w":63,"h":65}
},
"DUCK_WALK-R_UPANDDOWN instance 10051":
{
	"frame": {"x":156,"y":235,"w":63,"h":65},
	"rotated": false,
	"trimmed": false,
	"spriteSourceSize": {"x":0,"y":0,"w":63,"h":65},
	"sourceSize": {"w":63,"h":65}
},
"DUCK_WALK-R_UPANDDOWN instance 10052":
{
	"frame": {"x":156,"y":235,"w":63,"h":65},
	"rotated": false,
	"trimmed": false,
	"spriteSourceSize": {"x":0,"y":0,"w":63,"h":65},
	"sourceSize": {"w":63,"h":65}
},
"DUCK_WALK-R_UPANDDOWN instance 10053":
{
	"frame": {"x":229,"y":235,"w":63,"h":65},
	"rotated": false,
	"trimmed": false,
	"spriteSourceSize": {"x":0,"y":0,"w":63,"h":65},
	"sourceSize": {"w":63,"h":65}
},
"DUCK_WALK-R_UPANDDOWN instance 10054":
{
	"frame": {"x":302,"y":235,"w":63,"h":65},
	"rotated": false,
	"trimmed": false,
	"spriteSourceSize": {"x":0,"y":0,"w":63,"h":65},
	"sourceSize": {"w":63,"h":65}
},
"DUCK_WALK-R_UPANDDOWN instance 10055":
{
	"frame": {"x":375,"y":235,"w":63,"h":65},
	"rotated": false,
	"trimmed": false,
	"spriteSourceSize": {"x":0,"y":0,"w":63,"h":65},
	"sourceSize": {"w":63,"h":65}
},
"DUCK_WALK-R_UPANDDOWN instance 10056":
{
	"frame": {"x":448,"y":235,"w":63,"h":65},
	"rotated": false,
	"trimmed": false,
	"spriteSourceSize": {"x":0,"y":0,"w":63,"h":65},
	"sourceSize": {"w":63,"h":65}
},
"DUCK_WALK-R_UPANDDOWN instance 10057":
{
	"frame": {"x":521,"y":235,"w":63,"h":65},
	"rotated": false,
	"trimmed": false,
	"spriteSourceSize": {"x":0,"y":0,"w":63,"h":65},
	"sourceSize": {"w":63,"h":65}
},
"DUCK_WALK-R_UPANDDOWN instance 10058":
{
	"frame": {"x":594,"y":235,"w":63,"h":65},
	"rotated": false,
	"trimmed": false,
	"spriteSourceSize": {"x":0,"y":0,"w":63,"h":65},
	"sourceSize": {"w":63,"h":65}
},
"DUCK_WALK-R_UPANDDOWN instance 10059":
{
	"frame": {"x":667,"y":235,"w":63,"h":65},
	"rotated": false,
	"trimmed": false,
	"spriteSourceSize": {"x":0,"y":0,"w":63,"h":65},
	"sourceSize": {"w":63,"h":65}
},
"DUCK_WALK-R_UPANDDOWN instance 10060":
{
	"frame": {"x":740,"y":235,"w":63,"h":65},
	"rotated": false,
	"trimmed": false,
	"spriteSourceSize": {"x":0,"y":0,"w":63,"h":65},
	"sourceSize": {"w":63,"h":65}
},
"DUCK_WALK-R_UPANDDOWN instance 10061":
{
	"frame": {"x":813,"y":235,"w":63,"h":65},
	"rotated": false,
	"trimmed": false,
	"spriteSourceSize": {"x":0,"y":0,"w":63,"h":65},
	"sourceSize": {"w":63,"h":65}
},
"DUCK_WALK-R_UPANDDOWN instance 10062":
{
	"frame": {"x":886,"y":235,"w":63,"h":65},
	"rotated": false,
	"trimmed": false,
	"spriteSourceSize": {"x":0,"y":0,"w":63,"h":65},
	"sourceSize": {"w":63,"h":65}
},
"DUCK_WALK-R_UPANDDOWN instance 10063":
{
	"frame": {"x":10,"y":310,"w":63,"h":65},
	"rotated": false,
	"trimmed": false,
	"spriteSourceSize": {"x":0,"y":0,"w":63,"h":65},
	"sourceSize": {"w":63,"h":65}
},
"DUCK_WALK-R_UPANDDOWN instance 10064":
{
	"frame": {"x":83,"y":310,"w":63,"h":65},
	"rotated": false,
	"trimmed": false,
	"spriteSourceSize": {"x":0,"y":0,"w":63,"h":65},
	"sourceSize": {"w":63,"h":65}
},
"DUCK_WALK-R_UPANDDOWN instance 10065":
{
	"frame": {"x":156,"y":310,"w":63,"h":65},
	"rotated": false,
	"trimmed": false,
	"spriteSourceSize": {"x":0,"y":0,"w":63,"h":65},
	"sourceSize": {"w":63,"h":65}
},
"DUCK_WALK-R_UPANDDOWN instance 10066":
{
	"frame": {"x":229,"y":310,"w":63,"h":65},
	"rotated": false,
	"trimmed": false,
	"spriteSourceSize": {"x":0,"y":0,"w":63,"h":65},
	"sourceSize": {"w":63,"h":65}
},
"DUCK_WALK-R_UPANDDOWN instance 10067":
{
	"frame": {"x":302,"y":310,"w":63,"h":65},
	"rotated": false,
	"trimmed": false,
	"spriteSourceSize": {"x":0,"y":0,"w":63,"h":65},
	"sourceSize": {"w":63,"h":65}
},
"DUCK_WALK-R_UPANDDOWN instance 10068":
{
	"frame": {"x":375,"y":310,"w":63,"h":65},
	"rotated": false,
	"trimmed": false,
	"spriteSourceSize": {"x":0,"y":0,"w":63,"h":65},
	"sourceSize": {"w":63,"h":65}
},
"DUCK_WALK-R_UPANDDOWN instance 10069":
{
	"frame": {"x":448,"y":310,"w":63,"h":65},
	"rotated": false,
	"trimmed": false,
	"spriteSourceSize": {"x":0,"y":0,"w":63,"h":65},
	"sourceSize": {"w":63,"h":65}
},
"DUCK_WALK-R_UPANDDOWN instance 10070":
{
	"frame": {"x":521,"y":310,"w":63,"h":65},
	"rotated": false,
	"trimmed": false,
	"spriteSourceSize": {"x":0,"y":0,"w":63,"h":65},
	"sourceSize": {"w":63,"h":65}
},
"DUCK_WALK-R_UPANDDOWN instance 10071":
{
	"frame": {"x":594,"y":310,"w":63,"h":65},
	"rotated": false,
	"trimmed": false,
	"spriteSourceSize": {"x":0,"y":0,"w":63,"h":65},
	"sourceSize": {"w":63,"h":65}
},
"DUCK_WALK-R_UPANDDOWN instance 10072":
{
	"frame": {"x":667,"y":310,"w":63,"h":65},
	"rotated": false,
	"trimmed": false,
	"spriteSourceSize": {"x":0,"y":0,"w":63,"h":65},
	"sourceSize": {"w":63,"h":65}
},
"DUCK_WALK-R_UPANDDOWN instance 10073":
{
	"frame": {"x":740,"y":310,"w":63,"h":65},
	"rotated": false,
	"trimmed": false,
	"spriteSourceSize": {"x":0,"y":0,"w":63,"h":65},
	"sourceSize": {"w":63,"h":65}
},
"DUCK_WALK-R_UPANDDOWN instance 10074":
{
	"frame": {"x":813,"y":310,"w":63,"h":65},
	"rotated": false,
	"trimmed": false,
	"spriteSourceSize": {"x":0,"y":0,"w":63,"h":65},
	"sourceSize": {"w":63,"h":65}
},
"DUCK_WALK-R_UPANDDOWN instance 10075":
{
	"frame": {"x":886,"y":310,"w":63,"h":65},
	"rotated": false,
	"trimmed": false,
	"spriteSourceSize": {"x":0,"y":0,"w":63,"h":65},
	"sourceSize": {"w":63,"h":65}
},
"DUCK_WALK-R_UPANDDOWN instance 10076":
{
	"frame": {"x":10,"y":385,"w":63,"h":65},
	"rotated": false,
	"trimmed": false,
	"spriteSourceSize": {"x":0,"y":0,"w":63,"h":65},
	"sourceSize": {"w":63,"h":65}
},
"DUCK_WALK-R_UPANDDOWN instance 10077":
{
	"frame": {"x":83,"y":385,"w":63,"h":65},
	"rotated": false,
	"trimmed": false,
	"spriteSourceSize": {"x":0,"y":0,"w":63,"h":65},
	"sourceSize": {"w":63,"h":65}
},
"DUCK_WALK-R_UPANDDOWN instance 10078":
{
	"frame": {"x":156,"y":385,"w":63,"h":65},
	"rotated": false,
	"trimmed": false,
	"spriteSourceSize": {"x":0,"y":0,"w":63,"h":65},
	"sourceSize": {"w":63,"h":65}
},
"DUCK_WALK-R_UPANDDOWN instance 10079":
{
	"frame": {"x":229,"y":385,"w":63,"h":65},
	"rotated": false,
	"trimmed": false,
	"spriteSourceSize": {"x":0,"y":0,"w":63,"h":65},
	"sourceSize": {"w":63,"h":65}
},
"DUCK_WALK-R_UPANDDOWN instance 10080":
{
	"frame": {"x":302,"y":385,"w":63,"h":65},
	"rotated": false,
	"trimmed": false,
	"spriteSourceSize": {"x":0,"y":0,"w":63,"h":65},
	"sourceSize": {"w":63,"h":65}
},
"DUCK_WALK-R_UPANDDOWN instance 10081":
{
	"frame": {"x":375,"y":385,"w":63,"h":65},
	"rotated": false,
	"trimmed": false,
	"spriteSourceSize": {"x":0,"y":0,"w":63,"h":65},
	"sourceSize": {"w":63,"h":65}
},
"DUCK_WALK-R_UPANDDOWN instance 10082":
{
	"frame": {"x":448,"y":385,"w":63,"h":65},
	"rotated": false,
	"trimmed": false,
	"spriteSourceSize": {"x":0,"y":0,"w":63,"h":65},
	"sourceSize": {"w":63,"h":65}
},
"DUCK_WALK-R_UPANDDOWN instance 10083":
{
	"frame": {"x":521,"y":385,"w":63,"h":65},
	"rotated": false,
	"trimmed": false,
	"spriteSourceSize": {"x":0,"y":0,"w":63,"h":65},
	"sourceSize": {"w":63,"h":65}
},
"DUCK_WALK-R_UPANDDOWN instance 10084":
{
	"frame": {"x":594,"y":385,"w":63,"h":65},
	"rotated": false,
	"trimmed": false,
	"spriteSourceSize": {"x":0,"y":0,"w":63,"h":65},
	"sourceSize": {"w":63,"h":65}
},
"DUCK_WALK-R_UPANDDOWN instance 10085":
{
	"frame": {"x":667,"y":385,"w":63,"h":65},
	"rotated": false,
	"trimmed": false,
	"spriteSourceSize": {"x":0,"y":0,"w":63,"h":65},
	"sourceSize": {"w":63,"h":65}
},
"DUCK_WALK-R_UPANDDOWN instance 10086":
{
	"frame": {"x":740,"y":385,"w":63,"h":65},
	"rotated": false,
	"trimmed": false,
	"spriteSourceSize": {"x":0,"y":0,"w":63,"h":65},
	"sourceSize": {"w":63,"h":65}
},
"DUCK_WALK-R_UPANDDOWN instance 10087":
{
	"frame": {"x":813,"y":385,"w":63,"h":65},
	"rotated": false,
	"trimmed": false,
	"spriteSourceSize": {"x":0,"y":0,"w":63,"h":65},
	"sourceSize": {"w":63,"h":65}
},
"DUCK_WALK-R_UPANDDOWN instance 10088":
{
	"frame": {"x":886,"y":385,"w":63,"h":65},
	"rotated": false,
	"trimmed": false,
	"spriteSourceSize": {"x":0,"y":0,"w":63,"h":65},
	"sourceSize": {"w":63,"h":65}
},
"DUCK_WALK-R_UPANDDOWN instance 10089":
{
	"frame": {"x":10,"y":460,"w":63,"h":65},
	"rotated": false,
	"trimmed": false,
	"spriteSourceSize": {"x":0,"y":0,"w":63,"h":65},
	"sourceSize": {"w":63,"h":65}
},
"DUCK_WALK-R_UPANDDOWN instance 10090":
{
	"frame": {"x":10,"y":310,"w":63,"h":65},
	"rotated": false,
	"trimmed": false,
	"spriteSourceSize": {"x":0,"y":0,"w":63,"h":65},
	"sourceSize": {"w":63,"h":65}
},
"DUCK_WALK-R_UPANDDOWN instance 10091":
{
	"frame": {"x":813,"y":235,"w":63,"h":65},
	"rotated": false,
	"trimmed": false,
	"spriteSourceSize": {"x":0,"y":0,"w":63,"h":65},
	"sourceSize": {"w":63,"h":65}
},
"DUCK_WALK-R_UPANDDOWN instance 10092":
{
	"frame": {"x":83,"y":460,"w":63,"h":65},
	"rotated": false,
	"trimmed": false,
	"spriteSourceSize": {"x":0,"y":0,"w":63,"h":65},
	"sourceSize": {"w":63,"h":65}
},
"DUCK_WALK-R_UPANDDOWN instance 10093":
{
	"frame": {"x":521,"y":235,"w":63,"h":65},
	"rotated": false,
	"trimmed": false,
	"spriteSourceSize": {"x":0,"y":0,"w":63,"h":65},
	"sourceSize": {"w":63,"h":65}
},
"DUCK_WALK-R_UPANDDOWN instance 10094":
{
	"frame": {"x":521,"y":235,"w":63,"h":65},
	"rotated": false,
	"trimmed": false,
	"spriteSourceSize": {"x":0,"y":0,"w":63,"h":65},
	"sourceSize": {"w":63,"h":65}
},
"DUCK_WALK-R_UPANDDOWN instance 10095":
{
	"frame": {"x":521,"y":235,"w":63,"h":65},
	"rotated": false,
	"trimmed": false,
	"spriteSourceSize": {"x":0,"y":0,"w":63,"h":65},
	"sourceSize": {"w":63,"h":65}
},
"DUCK_WALK-R_UPANDDOWN instance 10096":
{
	"frame": {"x":156,"y":460,"w":63,"h":65},
	"rotated": false,
	"trimmed": false,
	"spriteSourceSize": {"x":0,"y":0,"w":63,"h":65},
	"sourceSize": {"w":63,"h":65}
},
"DUCK_WALK-R_UPANDDOWN instance 10097":
{
	"frame": {"x":229,"y":460,"w":63,"h":65},
	"rotated": false,
	"trimmed": false,
	"spriteSourceSize": {"x":0,"y":0,"w":63,"h":65},
	"sourceSize": {"w":63,"h":65}
},
"DUCK_WALK-R_UPANDDOWN instance 10098":
{
	"frame": {"x":302,"y":460,"w":63,"h":65},
	"rotated": false,
	"trimmed": false,
	"spriteSourceSize": {"x":0,"y":0,"w":63,"h":65},
	"sourceSize": {"w":63,"h":65}
},
"DUCK_WALK-R_UPANDDOWN instance 10099":
{
	"frame": {"x":375,"y":460,"w":63,"h":65},
	"rotated": false,
	"trimmed": false,
	"spriteSourceSize": {"x":0,"y":0,"w":63,"h":65},
	"sourceSize": {"w":63,"h":65}
},
"DUCK_WALK-R_UPANDDOWN instance 10100":
{
	"frame": {"x":448,"y":460,"w":63,"h":65},
	"rotated": false,
	"trimmed": false,
	"spriteSourceSize": {"x":0,"y":0,"w":63,"h":65},
	"sourceSize": {"w":63,"h":65}
},
"DUCK_WALK-R_UPANDDOWN instance 10101":
{
	"frame": {"x":521,"y":460,"w":63,"h":65},
	"rotated": false,
	"trimmed": false,
	"spriteSourceSize": {"x":0,"y":0,"w":63,"h":65},
	"sourceSize": {"w":63,"h":65}
},
"DUCK_WALK-R_UPANDDOWN instance 10102":
{
	"frame": {"x":594,"y":460,"w":63,"h":65},
	"rotated": false,
	"trimmed": false,
	"spriteSourceSize": {"x":0,"y":0,"w":63,"h":65},
	"sourceSize": {"w":63,"h":65}
},
"DUCK_WALK-R_UPANDDOWN instance 10103":
{
	"frame": {"x":667,"y":460,"w":63,"h":65},
	"rotated": false,
	"trimmed": false,
	"spriteSourceSize": {"x":0,"y":0,"w":63,"h":65},
	"sourceSize": {"w":63,"h":65}
},
"DUCK_WALK-R_UPANDDOWN instance 10104":
{
	"frame": {"x":740,"y":460,"w":63,"h":65},
	"rotated": false,
	"trimmed": false,
	"spriteSourceSize": {"x":0,"y":0,"w":63,"h":65},
	"sourceSize": {"w":63,"h":65}
},
"DUCK_WALK-R_UPANDDOWN instance 10105":
{
	"frame": {"x":740,"y":460,"w":63,"h":65},
	"rotated": false,
	"trimmed": false,
	"spriteSourceSize": {"x":0,"y":0,"w":63,"h":65},
	"sourceSize": {"w":63,"h":65}
},
"DUCK_WALK-R_UPANDDOWN instance 10106":
{
	"frame": {"x":740,"y":460,"w":63,"h":65},
	"rotated": false,
	"trimmed": false,
	"spriteSourceSize": {"x":0,"y":0,"w":63,"h":65},
	"sourceSize": {"w":63,"h":65}
},
"DUCK_WALK-R_UPANDDOWN instance 10107":
{
	"frame": {"x":740,"y":460,"w":63,"h":65},
	"rotated": false,
	"trimmed": false,
	"spriteSourceSize": {"x":0,"y":0,"w":63,"h":65},
	"sourceSize": {"w":63,"h":65}
},
"DUCK_WALK-R_UPANDDOWN instance 10108":
{
	"frame": {"x":740,"y":460,"w":63,"h":65},
	"rotated": false,
	"trimmed": false,
	"spriteSourceSize": {"x":0,"y":0,"w":63,"h":65},
	"sourceSize": {"w":63,"h":65}
},
"DUCK_WALK-R_UPANDDOWN instance 10109":
{
	"frame": {"x":813,"y":460,"w":63,"h":65},
	"rotated": false,
	"trimmed": false,
	"spriteSourceSize": {"x":0,"y":0,"w":63,"h":65},
	"sourceSize": {"w":63,"h":65}
},
"DUCK_WALK-R_UPANDDOWN instance 10110":
{
	"frame": {"x":740,"y":460,"w":63,"h":65},
	"rotated": false,
	"trimmed": false,
	"spriteSourceSize": {"x":0,"y":0,"w":63,"h":65},
	"sourceSize": {"w":63,"h":65}
},
"DUCK_WALK-R_UPANDDOWN instance 10111":
{
	"frame": {"x":886,"y":460,"w":63,"h":65},
	"rotated": false,
	"trimmed": false,
	"spriteSourceSize": {"x":0,"y":0,"w":63,"h":65},
	"sourceSize": {"w":63,"h":65}
},
"DUCK_WALK-R_UPANDDOWN instance 10112":
{
	"frame": {"x":10,"y":535,"w":63,"h":65},
	"rotated": false,
	"trimmed": false,
	"spriteSourceSize": {"x":0,"y":0,"w":63,"h":65},
	"sourceSize": {"w":63,"h":65}
},
"DUCK_WALK-R_UPANDDOWN instance 10113":
{
	"frame": {"x":83,"y":535,"w":63,"h":65},
	"rotated": false,
	"trimmed": false,
	"spriteSourceSize": {"x":0,"y":0,"w":63,"h":65},
	"sourceSize": {"w":63,"h":65}
},
"DUCK_WALK-R_UPANDDOWN instance 10114":
{
	"frame": {"x":156,"y":535,"w":63,"h":65},
	"rotated": false,
	"trimmed": false,
	"spriteSourceSize": {"x":0,"y":0,"w":63,"h":65},
	"sourceSize": {"w":63,"h":65}
},
"DUCK_WALK-R_UPANDDOWN instance 10115":
{
	"frame": {"x":229,"y":535,"w":63,"h":65},
	"rotated": false,
	"trimmed": false,
	"spriteSourceSize": {"x":0,"y":0,"w":63,"h":65},
	"sourceSize": {"w":63,"h":65}
},
"DUCK_WALK-R_UPANDDOWN instance 10116":
{
	"frame": {"x":302,"y":535,"w":63,"h":65},
	"rotated": false,
	"trimmed": false,
	"spriteSourceSize": {"x":0,"y":0,"w":63,"h":65},
	"sourceSize": {"w":63,"h":65}
},
"DUCK_WALK-R_UPANDDOWN instance 10117":
{
	"frame": {"x":375,"y":535,"w":63,"h":65},
	"rotated": false,
	"trimmed": false,
	"spriteSourceSize": {"x":0,"y":0,"w":63,"h":65},
	"sourceSize": {"w":63,"h":65}
},
"DUCK_WALK-R_UPANDDOWN instance 10118":
{
	"frame": {"x":448,"y":535,"w":63,"h":65},
	"rotated": false,
	"trimmed": false,
	"spriteSourceSize": {"x":0,"y":0,"w":63,"h":65},
	"sourceSize": {"w":63,"h":65}
},
"DUCK_WALK-R_UPANDDOWN instance 10119":
{
	"frame": {"x":521,"y":535,"w":63,"h":65},
	"rotated": false,
	"trimmed": false,
	"spriteSourceSize": {"x":0,"y":0,"w":63,"h":65},
	"sourceSize": {"w":63,"h":65}
},
"DUCK_WALK-R_UPANDDOWN instance 10120":
{
	"frame": {"x":594,"y":535,"w":63,"h":65},
	"rotated": false,
	"trimmed": false,
	"spriteSourceSize": {"x":0,"y":0,"w":63,"h":65},
	"sourceSize": {"w":63,"h":65}
},
"DUCK_WALK-R_UPANDDOWN instance 10121":
{
	"frame": {"x":667,"y":535,"w":63,"h":65},
	"rotated": false,
	"trimmed": false,
	"spriteSourceSize": {"x":0,"y":0,"w":63,"h":65},
	"sourceSize": {"w":63,"h":65}
},
"DUCK_WALK-R_UPANDDOWN instance 10122":
{
	"frame": {"x":740,"y":535,"w":63,"h":65},
	"rotated": false,
	"trimmed": false,
	"spriteSourceSize": {"x":0,"y":0,"w":63,"h":65},
	"sourceSize": {"w":63,"h":65}
},
"DUCK_WALK-R_UPANDDOWN instance 10123":
{
	"frame": {"x":813,"y":535,"w":63,"h":65},
	"rotated": false,
	"trimmed": false,
	"spriteSourceSize": {"x":0,"y":0,"w":63,"h":65},
	"sourceSize": {"w":63,"h":65}
},
"DUCK_WALK-R_UPANDDOWN instance 10124":
{
	"frame": {"x":886,"y":535,"w":63,"h":65},
	"rotated": false,
	"trimmed": false,
	"spriteSourceSize": {"x":0,"y":0,"w":63,"h":65},
	"sourceSize": {"w":63,"h":65}
},
"DUCK_WALK-R_UPANDDOWN instance 10125":
{
	"frame": {"x":10,"y":610,"w":63,"h":65},
	"rotated": false,
	"trimmed": false,
	"spriteSourceSize": {"x":0,"y":0,"w":63,"h":65},
	"sourceSize": {"w":63,"h":65}
},
"DUCK_WALK-R_UPANDDOWN instance 10126":
{
	"frame": {"x":83,"y":610,"w":63,"h":65},
	"rotated": false,
	"trimmed": false,
	"spriteSourceSize": {"x":0,"y":0,"w":63,"h":65},
	"sourceSize": {"w":63,"h":65}
},
"DUCK_WALK-R_UPANDDOWN instance 10127":
{
	"frame": {"x":156,"y":610,"w":63,"h":65},
	"rotated": false,
	"trimmed": false,
	"spriteSourceSize": {"x":0,"y":0,"w":63,"h":65},
	"sourceSize": {"w":63,"h":65}
},
"DUCK_WALK-R_UPANDDOWN instance 10128":
{
	"frame": {"x":229,"y":610,"w":63,"h":65},
	"rotated": false,
	"trimmed": false,
	"spriteSourceSize": {"x":0,"y":0,"w":63,"h":65},
	"sourceSize": {"w":63,"h":65}
},
"DUCK_WALK-R_UPANDDOWN instance 10129":
{
	"frame": {"x":302,"y":610,"w":63,"h":65},
	"rotated": false,
	"trimmed": false,
	"spriteSourceSize": {"x":0,"y":0,"w":63,"h":65},
	"sourceSize": {"w":63,"h":65}
},
"DUCK_WALK-R_UPANDDOWN instance 10130":
{
	"frame": {"x":375,"y":610,"w":63,"h":65},
	"rotated": false,
	"trimmed": false,
	"spriteSourceSize": {"x":0,"y":0,"w":63,"h":65},
	"sourceSize": {"w":63,"h":65}
},
"DUCK_WALK-R_UPANDDOWN instance 10131":
{
	"frame": {"x":448,"y":610,"w":63,"h":65},
	"rotated": false,
	"trimmed": false,
	"spriteSourceSize": {"x":0,"y":0,"w":63,"h":65},
	"sourceSize": {"w":63,"h":65}
},
"DUCK_WALK-R_UPANDDOWN instance 10132":
{
	"frame": {"x":521,"y":610,"w":63,"h":65},
	"rotated": false,
	"trimmed": false,
	"spriteSourceSize": {"x":0,"y":0,"w":63,"h":65},
	"sourceSize": {"w":63,"h":65}
},
"DUCK_WALK-R_UPANDDOWN instance 10133":
{
	"frame": {"x":521,"y":610,"w":63,"h":65},
	"rotated": false,
	"trimmed": false,
	"spriteSourceSize": {"x":0,"y":0,"w":63,"h":65},
	"sourceSize": {"w":63,"h":65}
},
"DUCK_WALK-R_UPANDDOWN instance 10134":
{
	"frame": {"x":521,"y":610,"w":63,"h":65},
	"rotated": false,
	"trimmed": false,
	"spriteSourceSize": {"x":0,"y":0,"w":63,"h":65},
	"sourceSize": {"w":63,"h":65}
},
"DUCK_WALK-R_UPANDDOWN instance 10135":
{
	"frame": {"x":521,"y":610,"w":63,"h":65},
	"rotated": false,
	"trimmed": false,
	"spriteSourceSize": {"x":0,"y":0,"w":63,"h":65},
	"sourceSize": {"w":63,"h":65}
},
"DUCK_WALK-R_UPANDDOWN instance 10136":
{
	"frame": {"x":594,"y":610,"w":63,"h":65},
	"rotated": false,
	"trimmed": false,
	"spriteSourceSize": {"x":0,"y":0,"w":63,"h":65},
	"sourceSize": {"w":63,"h":65}
},
"DUCK_WALK-R_UPANDDOWN instance 10137":
{
	"frame": {"x":594,"y":610,"w":63,"h":65},
	"rotated": false,
	"trimmed": false,
	"spriteSourceSize": {"x":0,"y":0,"w":63,"h":65},
	"sourceSize": {"w":63,"h":65}
},
"DUCK_WALK-R_UPANDDOWN instance 10138":
{
	"frame": {"x":667,"y":610,"w":63,"h":65},
	"rotated": false,
	"trimmed": false,
	"spriteSourceSize": {"x":0,"y":0,"w":63,"h":65},
	"sourceSize": {"w":63,"h":65}
},
"DUCK_WALK-R_UPANDDOWN instance 10139":
{
	"frame": {"x":740,"y":610,"w":63,"h":65},
	"rotated": false,
	"trimmed": false,
	"spriteSourceSize": {"x":0,"y":0,"w":63,"h":65},
	"sourceSize": {"w":63,"h":65}
},
"DUCK_WALK-R_UPANDDOWN instance 10140":
{
	"frame": {"x":813,"y":610,"w":63,"h":65},
	"rotated": false,
	"trimmed": false,
	"spriteSourceSize": {"x":0,"y":0,"w":63,"h":65},
	"sourceSize": {"w":63,"h":65}
},
"DUCK_WALK-R_UPANDDOWN instance 10141":
{
	"frame": {"x":886,"y":610,"w":63,"h":65},
	"rotated": false,
	"trimmed": false,
	"spriteSourceSize": {"x":0,"y":0,"w":63,"h":65},
	"sourceSize": {"w":63,"h":65}
},
"DUCK_WALK-R_UPANDDOWN instance 10142":
{
	"frame": {"x":10,"y":685,"w":63,"h":65},
	"rotated": false,
	"trimmed": false,
	"spriteSourceSize": {"x":0,"y":0,"w":63,"h":65},
	"sourceSize": {"w":63,"h":65}
},
"DUCK_WALK-R_UPANDDOWN instance 10143":
{
	"frame": {"x":83,"y":685,"w":63,"h":65},
	"rotated": false,
	"trimmed": false,
	"spriteSourceSize": {"x":0,"y":0,"w":63,"h":65},
	"sourceSize": {"w":63,"h":65}
},
"DUCK_WALK-R_UPANDDOWN instance 10144":
{
	"frame": {"x":156,"y":685,"w":63,"h":65},
	"rotated": false,
	"trimmed": false,
	"spriteSourceSize": {"x":0,"y":0,"w":63,"h":65},
	"sourceSize": {"w":63,"h":65}
},
"DUCK_WALK-R_UPANDDOWN instance 10145":
{
	"frame": {"x":229,"y":685,"w":63,"h":65},
	"rotated": false,
	"trimmed": false,
	"spriteSourceSize": {"x":0,"y":0,"w":63,"h":65},
	"sourceSize": {"w":63,"h":65}
},
"DUCK_WALK-R_UPANDDOWN instance 10146":
{
	"frame": {"x":229,"y":685,"w":63,"h":65},
	"rotated": false,
	"trimmed": false,
	"spriteSourceSize": {"x":0,"y":0,"w":63,"h":65},
	"sourceSize": {"w":63,"h":65}
},
"DUCK_WALK-R_UPANDDOWN instance 10147":
{
	"frame": {"x":229,"y":685,"w":63,"h":65},
	"rotated": false,
	"trimmed": false,
	"spriteSourceSize": {"x":0,"y":0,"w":63,"h":65},
	"sourceSize": {"w":63,"h":65}
},
"DUCK_WALK-R_UPANDDOWN instance 10148":
{
	"frame": {"x":229,"y":685,"w":63,"h":65},
	"rotated": false,
	"trimmed": false,
	"spriteSourceSize": {"x":0,"y":0,"w":63,"h":65},
	"sourceSize": {"w":63,"h":65}
},
"DUCK_WALK-R_UPANDDOWN instance 10149":
{
	"frame": {"x":229,"y":685,"w":63,"h":65},
	"rotated": false,
	"trimmed": false,
	"spriteSourceSize": {"x":0,"y":0,"w":63,"h":65},
	"sourceSize": {"w":63,"h":65}
},
"DUCK_WALK-R_UPANDDOWN instance 10150":
{
	"frame": {"x":229,"y":685,"w":63,"h":65},
	"rotated": false,
	"trimmed": false,
	"spriteSourceSize": {"x":0,"y":0,"w":63,"h":65},
	"sourceSize": {"w":63,"h":65}
},
"DUCK_WALK-R_UPANDDOWN instance 10151":
{
	"frame": {"x":229,"y":685,"w":63,"h":65},
	"rotated": false,
	"trimmed": false,
	"spriteSourceSize": {"x":0,"y":0,"w":63,"h":65},
	"sourceSize": {"w":63,"h":65}
},
"DUCK_WALK-R_UPANDDOWN instance 10152":
{
	"frame": {"x":229,"y":685,"w":63,"h":65},
	"rotated": false,
	"trimmed": false,
	"spriteSourceSize": {"x":0,"y":0,"w":63,"h":65},
	"sourceSize": {"w":63,"h":65}
},
"DUCK_WALK-R_UPANDDOWN instance 10153":
{
	"frame": {"x":229,"y":685,"w":63,"h":65},
	"rotated": false,
	"trimmed": false,
	"spriteSourceSize": {"x":0,"y":0,"w":63,"h":65},
	"sourceSize": {"w":63,"h":65}
},
"DUCK_WALK-R_UPANDDOWN instance 10154":
{
	"frame": {"x":229,"y":685,"w":63,"h":65},
	"rotated": false,
	"trimmed": false,
	"spriteSourceSize": {"x":0,"y":0,"w":63,"h":65},
	"sourceSize": {"w":63,"h":65}
},
"DUCK_WALK-R_UPANDDOWN instance 10155":
{
	"frame": {"x":302,"y":685,"w":63,"h":65},
	"rotated": false,
	"trimmed": false,
	"spriteSourceSize": {"x":0,"y":0,"w":63,"h":65},
	"sourceSize": {"w":63,"h":65}
},
"DUCK_WALK-R_UPANDDOWN instance 10156":
{
	"frame": {"x":375,"y":685,"w":63,"h":65},
	"rotated": false,
	"trimmed": false,
	"spriteSourceSize": {"x":0,"y":0,"w":63,"h":65},
	"sourceSize": {"w":63,"h":65}
},
"DUCK_WALK-R_UPANDDOWN instance 10157":
{
	"frame": {"x":448,"y":685,"w":63,"h":65},
	"rotated": false,
	"trimmed": false,
	"spriteSourceSize": {"x":0,"y":0,"w":63,"h":65},
	"sourceSize": {"w":63,"h":65}
},
"DUCK_WALK-R_UPANDDOWN instance 10158":
{
	"frame": {"x":521,"y":685,"w":63,"h":65},
	"rotated": false,
	"trimmed": false,
	"spriteSourceSize": {"x":0,"y":0,"w":63,"h":65},
	"sourceSize": {"w":63,"h":65}
},
"DUCK_WALK-R_UPANDDOWN instance 10159":
{
	"frame": {"x":594,"y":685,"w":63,"h":65},
	"rotated": false,
	"trimmed": false,
	"spriteSourceSize": {"x":0,"y":0,"w":63,"h":65},
	"sourceSize": {"w":63,"h":65}
},
"DUCK_WALK-R_UPANDDOWN instance 10160":
{
	"frame": {"x":667,"y":685,"w":63,"h":65},
	"rotated": false,
	"trimmed": false,
	"spriteSourceSize": {"x":0,"y":0,"w":63,"h":65},
	"sourceSize": {"w":63,"h":65}
},
"DUCK_WALK-R_UPANDDOWN instance 10161":
{
	"frame": {"x":740,"y":685,"w":63,"h":65},
	"rotated": false,
	"trimmed": false,
	"spriteSourceSize": {"x":0,"y":0,"w":63,"h":65},
	"sourceSize": {"w":63,"h":65}
},
"DUCK_WALK-R_UPANDDOWN instance 10162":
{
	"frame": {"x":813,"y":685,"w":63,"h":65},
	"rotated": false,
	"trimmed": false,
	"spriteSourceSize": {"x":0,"y":0,"w":63,"h":65},
	"sourceSize": {"w":63,"h":65}
},
"DUCK_WALK-R_UPANDDOWN instance 10163":
{
	"frame": {"x":886,"y":685,"w":63,"h":65},
	"rotated": false,
	"trimmed": false,
	"spriteSourceSize": {"x":0,"y":0,"w":63,"h":65},
	"sourceSize": {"w":63,"h":65}
},
"DUCK_WALK-R_UPANDDOWN instance 10164":
{
	"frame": {"x":10,"y":760,"w":63,"h":65},
	"rotated": false,
	"trimmed": false,
	"spriteSourceSize": {"x":0,"y":0,"w":63,"h":65},
	"sourceSize": {"w":63,"h":65}
},
"DUCK_WALK-R_UPANDDOWN instance 10165":
{
	"frame": {"x":83,"y":760,"w":63,"h":65},
	"rotated": false,
	"trimmed": false,
	"spriteSourceSize": {"x":0,"y":0,"w":63,"h":65},
	"sourceSize": {"w":63,"h":65}
},
"DUCK_WALK-R_UPANDDOWN instance 10166":
{
	"frame": {"x":156,"y":760,"w":63,"h":65},
	"rotated": false,
	"trimmed": false,
	"spriteSourceSize": {"x":0,"y":0,"w":63,"h":65},
	"sourceSize": {"w":63,"h":65}
},
"DUCK_WALK-R_UPANDDOWN instance 10167":
{
	"frame": {"x":229,"y":760,"w":63,"h":65},
	"rotated": false,
	"trimmed": false,
	"spriteSourceSize": {"x":0,"y":0,"w":63,"h":65},
	"sourceSize": {"w":63,"h":65}
},
"DUCK_WALK-R_UPANDDOWN instance 10168":
{
	"frame": {"x":302,"y":760,"w":63,"h":65},
	"rotated": false,
	"trimmed": false,
	"spriteSourceSize": {"x":0,"y":0,"w":63,"h":65},
	"sourceSize": {"w":63,"h":65}
},
"DUCK_WALK-R_UPANDDOWN instance 10169":
{
	"frame": {"x":375,"y":760,"w":63,"h":65},
	"rotated": false,
	"trimmed": false,
	"spriteSourceSize": {"x":0,"y":0,"w":63,"h":65},
	"sourceSize": {"w":63,"h":65}
},
"DUCK_WALK-R_UPANDDOWN instance 10170":
{
	"frame": {"x":448,"y":760,"w":63,"h":65},
	"rotated": false,
	"trimmed": false,
	"spriteSourceSize": {"x":0,"y":0,"w":63,"h":65},
	"sourceSize": {"w":63,"h":65}
},
"DUCK_WALK-R_UPANDDOWN instance 10171":
{
	"frame": {"x":521,"y":760,"w":63,"h":65},
	"rotated": false,
	"trimmed": false,
	"spriteSourceSize": {"x":0,"y":0,"w":63,"h":65},
	"sourceSize": {"w":63,"h":65}
},
"DUCK_WALK-R_UPANDDOWN instance 10172":
{
	"frame": {"x":594,"y":760,"w":63,"h":65},
	"rotated": false,
	"trimmed": false,
	"spriteSourceSize": {"x":0,"y":0,"w":63,"h":65},
	"sourceSize": {"w":63,"h":65}
},
"DUCK_WALK-R_UPANDDOWN instance 10173":
{
	"frame": {"x":10,"y":760,"w":63,"h":65},
	"rotated": false,
	"trimmed": false,
	"spriteSourceSize": {"x":0,"y":0,"w":63,"h":65},
	"sourceSize": {"w":63,"h":65}
},
"DUCK_WALK-R_UPANDDOWN instance 10174":
{
	"frame": {"x":667,"y":760,"w":63,"h":65},
	"rotated": false,
	"trimmed": false,
	"spriteSourceSize": {"x":0,"y":0,"w":63,"h":65},
	"sourceSize": {"w":63,"h":65}
},
"DUCK_WALK-R_UPANDDOWN instance 10175":
{
	"frame": {"x":667,"y":685,"w":63,"h":65},
	"rotated": false,
	"trimmed": false,
	"spriteSourceSize": {"x":0,"y":0,"w":63,"h":65},
	"sourceSize": {"w":63,"h":65}
},
"DUCK_WALK-R_UPANDDOWN instance 10176":
{
	"frame": {"x":740,"y":760,"w":63,"h":65},
	"rotated": false,
	"trimmed": false,
	"spriteSourceSize": {"x":0,"y":0,"w":63,"h":65},
	"sourceSize": {"w":63,"h":65}
},
"DUCK_WALK-R_UPANDDOWN instance 10177":
{
	"frame": {"x":375,"y":685,"w":63,"h":65},
	"rotated": false,
	"trimmed": false,
	"spriteSourceSize": {"x":0,"y":0,"w":63,"h":65},
	"sourceSize": {"w":63,"h":65}
},
"DUCK_WALK-R_UPANDDOWN instance 10178":
{
	"frame": {"x":229,"y":685,"w":63,"h":65},
	"rotated": false,
	"trimmed": false,
	"spriteSourceSize": {"x":0,"y":0,"w":63,"h":65},
	"sourceSize": {"w":63,"h":65}
},
"DUCK_WALK-R_UPANDDOWN instance 10179":
{
	"frame": {"x":813,"y":760,"w":63,"h":65},
	"rotated": false,
	"trimmed": false,
	"spriteSourceSize": {"x":0,"y":0,"w":63,"h":65},
	"sourceSize": {"w":63,"h":65}
},
"DUCK_WALK-R_UPANDDOWN instance 10180":
{
	"frame": {"x":886,"y":760,"w":63,"h":65},
	"rotated": false,
	"trimmed": false,
	"spriteSourceSize": {"x":0,"y":0,"w":63,"h":65},
	"sourceSize": {"w":63,"h":65}
},
"DUCK_WALK-R_UPANDDOWN instance 10181":
{
	"frame": {"x":10,"y":835,"w":63,"h":65},
	"rotated": false,
	"trimmed": false,
	"spriteSourceSize": {"x":0,"y":0,"w":63,"h":65},
	"sourceSize": {"w":63,"h":65}
},
"DUCK_WALK-R_UPANDDOWN instance 10182":
{
	"frame": {"x":83,"y":835,"w":63,"h":65},
	"rotated": false,
	"trimmed": false,
	"spriteSourceSize": {"x":0,"y":0,"w":63,"h":65},
	"sourceSize": {"w":63,"h":65}
},
"DUCK_WALK-R_UPANDDOWN instance 10183":
{
	"frame": {"x":156,"y":835,"w":63,"h":65},
	"rotated": false,
	"trimmed": false,
	"spriteSourceSize": {"x":0,"y":0,"w":63,"h":65},
	"sourceSize": {"w":63,"h":65}
},
"DUCK_WALK-R_UPANDDOWN instance 10184":
{
	"frame": {"x":229,"y":835,"w":63,"h":65},
	"rotated": false,
	"trimmed": false,
	"spriteSourceSize": {"x":0,"y":0,"w":63,"h":65},
	"sourceSize": {"w":63,"h":65}
},
"DUCK_WALK-R_UPANDDOWN instance 10185":
{
	"frame": {"x":302,"y":835,"w":63,"h":65},
	"rotated": false,
	"trimmed": false,
	"spriteSourceSize": {"x":0,"y":0,"w":63,"h":65},
	"sourceSize": {"w":63,"h":65}
},
"DUCK_WALK-R_UPANDDOWN instance 10186":
{
	"frame": {"x":375,"y":835,"w":63,"h":65},
	"rotated": false,
	"trimmed": false,
	"spriteSourceSize": {"x":0,"y":0,"w":63,"h":65},
	"sourceSize": {"w":63,"h":65}
},
"DUCK_WALK-R_UPANDDOWN instance 10187":
{
	"frame": {"x":448,"y":835,"w":63,"h":65},
	"rotated": false,
	"trimmed": false,
	"spriteSourceSize": {"x":0,"y":0,"w":63,"h":65},
	"sourceSize": {"w":63,"h":65}
},
"DUCK_WALK-R_UPANDDOWN instance 10188":
{
	"frame": {"x":521,"y":835,"w":63,"h":65},
	"rotated": false,
	"trimmed": false,
	"spriteSourceSize": {"x":0,"y":0,"w":63,"h":65},
	"sourceSize": {"w":63,"h":65}
},
"DUCK_WALK-R_UPANDDOWN instance 10189":
{
	"frame": {"x":448,"y":835,"w":63,"h":65},
	"rotated": false,
	"trimmed": false,
	"spriteSourceSize": {"x":0,"y":0,"w":63,"h":65},
	"sourceSize": {"w":63,"h":65}
},
"DUCK_WALK-R_UPANDDOWN instance 10190":
{
	"frame": {"x":594,"y":835,"w":63,"h":65},
	"rotated": false,
	"trimmed": false,
	"spriteSourceSize": {"x":0,"y":0,"w":63,"h":65},
	"sourceSize": {"w":63,"h":65}
},
"DUCK_WALK-R_UPANDDOWN instance 10191":
{
	"frame": {"x":667,"y":835,"w":63,"h":65},
	"rotated": false,
	"trimmed": false,
	"spriteSourceSize": {"x":0,"y":0,"w":63,"h":65},
	"sourceSize": {"w":63,"h":65}
},
"DUCK_WALK-R_UPANDDOWN instance 10192":
{
	"frame": {"x":229,"y":835,"w":63,"h":65},
	"rotated": false,
	"trimmed": false,
	"spriteSourceSize": {"x":0,"y":0,"w":63,"h":65},
	"sourceSize": {"w":63,"h":65}
},
"DUCK_WALK-R_UPANDDOWN instance 10193":
{
	"frame": {"x":740,"y":835,"w":63,"h":65},
	"rotated": false,
	"trimmed": false,
	"spriteSourceSize": {"x":0,"y":0,"w":63,"h":65},
	"sourceSize": {"w":63,"h":65}
},
"DUCK_WALK-R_UPANDDOWN instance 10194":
{
	"frame": {"x":229,"y":685,"w":63,"h":65},
	"rotated": false,
	"trimmed": false,
	"spriteSourceSize": {"x":0,"y":0,"w":63,"h":65},
	"sourceSize": {"w":63,"h":65}
},
"DUCK_WALK-R_UPANDDOWN instance 10195":
{
	"frame": {"x":229,"y":685,"w":63,"h":65},
	"rotated": false,
	"trimmed": false,
	"spriteSourceSize": {"x":0,"y":0,"w":63,"h":65},
	"sourceSize": {"w":63,"h":65}
},
"DUCK_WALK-R_UPANDDOWN instance 10196":
{
	"frame": {"x":229,"y":685,"w":63,"h":65},
	"rotated": false,
	"trimmed": false,
	"spriteSourceSize": {"x":0,"y":0,"w":63,"h":65},
	"sourceSize": {"w":63,"h":65}
},
"DUCK_WALK-R_UPANDDOWN instance 10197":
{
	"frame": {"x":229,"y":685,"w":63,"h":65},
	"rotated": false,
	"trimmed": false,
	"spriteSourceSize": {"x":0,"y":0,"w":63,"h":65},
	"sourceSize": {"w":63,"h":65}
},
"DUCK_WALK-R_UPANDDOWN instance 10198":
{
	"frame": {"x":229,"y":685,"w":63,"h":65},
	"rotated": false,
	"trimmed": false,
	"spriteSourceSize": {"x":0,"y":0,"w":63,"h":65},
	"sourceSize": {"w":63,"h":65}
},
"DUCK_WALK-R_UPANDDOWN instance 10199":
{
	"frame": {"x":229,"y":685,"w":63,"h":65},
	"rotated": false,
	"trimmed": false,
	"spriteSourceSize": {"x":0,"y":0,"w":63,"h":65},
	"sourceSize": {"w":63,"h":65}
},
"DUCK_WALK-R_UPANDDOWN instance 10200":
{
	"frame": {"x":229,"y":685,"w":63,"h":65},
	"rotated": false,
	"trimmed": false,
	"spriteSourceSize": {"x":0,"y":0,"w":63,"h":65},
	"sourceSize": {"w":63,"h":65}
},
"DUCK_WALK-R_UPANDDOWN instance 10201":
{
	"frame": {"x":229,"y":685,"w":63,"h":65},
	"rotated": false,
	"trimmed": false,
	"spriteSourceSize": {"x":0,"y":0,"w":63,"h":65},
	"sourceSize": {"w":63,"h":65}
},
"DUCK_WALK-R_UPANDDOWN instance 10202":
{
	"frame": {"x":229,"y":685,"w":63,"h":65},
	"rotated": false,
	"trimmed": false,
	"spriteSourceSize": {"x":0,"y":0,"w":63,"h":65},
	"sourceSize": {"w":63,"h":65}
},
"DUCK_WALK-R_UPANDDOWN instance 10203":
{
	"frame": {"x":229,"y":685,"w":63,"h":65},
	"rotated": false,
	"trimmed": false,
	"spriteSourceSize": {"x":0,"y":0,"w":63,"h":65},
	"sourceSize": {"w":63,"h":65}
},
"DUCK_WALK-R_UPANDDOWN instance 10204":
{
	"frame": {"x":229,"y":685,"w":63,"h":65},
	"rotated": false,
	"trimmed": false,
	"spriteSourceSize": {"x":0,"y":0,"w":63,"h":65},
	"sourceSize": {"w":63,"h":65}
},
"DUCK_WALK-R_UPANDDOWN instance 10205":
{
	"frame": {"x":229,"y":685,"w":63,"h":65},
	"rotated": false,
	"trimmed": false,
	"spriteSourceSize": {"x":0,"y":0,"w":63,"h":65},
	"sourceSize": {"w":63,"h":65}
},
"DUCK_WALK-R_UPANDDOWN instance 10206":
{
	"frame": {"x":229,"y":685,"w":63,"h":65},
	"rotated": false,
	"trimmed": false,
	"spriteSourceSize": {"x":0,"y":0,"w":63,"h":65},
	"sourceSize": {"w":63,"h":65}
},
"DUCK_WALK-R_UPANDDOWN instance 10207":
{
	"frame": {"x":229,"y":685,"w":63,"h":65},
	"rotated": false,
	"trimmed": false,
	"spriteSourceSize": {"x":0,"y":0,"w":63,"h":65},
	"sourceSize": {"w":63,"h":65}
},
"DUCK_WALK-R_UPANDDOWN instance 10208":
{
	"frame": {"x":229,"y":685,"w":63,"h":65},
	"rotated": false,
	"trimmed": false,
	"spriteSourceSize": {"x":0,"y":0,"w":63,"h":65},
	"sourceSize": {"w":63,"h":65}
},
"DUCK_WALK-R_UPANDDOWN instance 10209":
{
	"frame": {"x":229,"y":685,"w":63,"h":65},
	"rotated": false,
	"trimmed": false,
	"spriteSourceSize": {"x":0,"y":0,"w":63,"h":65},
	"sourceSize": {"w":63,"h":65}
},
"DUCK_WALK-R_UPANDDOWN instance 10210":
{
	"frame": {"x":229,"y":685,"w":63,"h":65},
	"rotated": false,
	"trimmed": false,
	"spriteSourceSize": {"x":0,"y":0,"w":63,"h":65},
	"sourceSize": {"w":63,"h":65}
},
"DUCK_WALK-R_UPANDDOWN instance 10211":
{
	"frame": {"x":229,"y":685,"w":63,"h":65},
	"rotated": false,
	"trimmed": false,
	"spriteSourceSize": {"x":0,"y":0,"w":63,"h":65},
	"sourceSize": {"w":63,"h":65}
},
"DUCK_WALK-R_UPANDDOWN instance 10212":
{
	"frame": {"x":229,"y":685,"w":63,"h":65},
	"rotated": false,
	"trimmed": false,
	"spriteSourceSize": {"x":0,"y":0,"w":63,"h":65},
	"sourceSize": {"w":63,"h":65}
},
"DUCK_WALK-R_UPANDDOWN instance 10213":
{
	"frame": {"x":229,"y":685,"w":63,"h":65},
	"rotated": false,
	"trimmed": false,
	"spriteSourceSize": {"x":0,"y":0,"w":63,"h":65},
	"sourceSize": {"w":63,"h":65}
},
"DUCK_WALK-R_UPANDDOWN instance 10214":
{
	"frame": {"x":229,"y":685,"w":63,"h":65},
	"rotated": false,
	"trimmed": false,
	"spriteSourceSize": {"x":0,"y":0,"w":63,"h":65},
	"sourceSize": {"w":63,"h":65}
},
"DUCK_WALK-R_UPANDDOWN instance 10215":
{
	"frame": {"x":229,"y":685,"w":63,"h":65},
	"rotated": false,
	"trimmed": false,
	"spriteSourceSize": {"x":0,"y":0,"w":63,"h":65},
	"sourceSize": {"w":63,"h":65}
},
"DUCK_WALK-R_UPANDDOWN instance 10216":
{
	"frame": {"x":229,"y":685,"w":63,"h":65},
	"rotated": false,
	"trimmed": false,
	"spriteSourceSize": {"x":0,"y":0,"w":63,"h":65},
	"sourceSize": {"w":63,"h":65}
},
"DUCK_WALK-R_UPANDDOWN instance 10217":
{
	"frame": {"x":229,"y":685,"w":63,"h":65},
	"rotated": false,
	"trimmed": false,
	"spriteSourceSize": {"x":0,"y":0,"w":63,"h":65},
	"sourceSize": {"w":63,"h":65}
},
"DUCK_WALK-R_UPANDDOWN instance 10218":
{
	"frame": {"x":229,"y":685,"w":63,"h":65},
	"rotated": false,
	"trimmed": false,
	"spriteSourceSize": {"x":0,"y":0,"w":63,"h":65},
	"sourceSize": {"w":63,"h":65}
},
"DUCK_WALK-R_UPANDDOWN instance 10219":
{
	"frame": {"x":229,"y":685,"w":63,"h":65},
	"rotated": false,
	"trimmed": false,
	"spriteSourceSize": {"x":0,"y":0,"w":63,"h":65},
	"sourceSize": {"w":63,"h":65}
},
"DUCK_WALK-R_UPANDDOWN instance 10220":
{
	"frame": {"x":229,"y":685,"w":63,"h":65},
	"rotated": false,
	"trimmed": false,
	"spriteSourceSize": {"x":0,"y":0,"w":63,"h":65},
	"sourceSize": {"w":63,"h":65}
}},
"meta": {
	"app": "Adobe Flash Professional",
	"version": "14.1.0.96",
	"image": "duck_65_Jason_nomovement.png",
	"format": "RGBA8888",
	"size": {"w":1024,"h":1024},
	"scale": "1"
}
}
